Total Spending,UNFPA,GOV,NGO,UN,Core Resources,Non-core Resources,Program,Country,Year,Country_Name
708199,178886,0,529313,0,0.96,0.04,Adolescents,afghanistan,2016,Afghanistan
13610908,12393857,0,1217051,0,0.03,0.97,Data for development,afghanistan,2016,Afghanistan
4881165,842604,0,4038561,0,0.1,0.9,Gender equality and rights,afghanistan,2016,Afghanistan
7206835,3022224,0,4184611,0,0.49,0.51,Integrated sexual and reproductive health,afghanistan,2016,Afghanistan
52523,52523,0,0,0,-0.18,1.18,Organizational effectiveness and efficiency,afghanistan,2016,Afghanistan
234146,66084,109019,59044,0,0.69,0.31,Adolescents,albania,2016,Albania
247607,213089,0,34517,0,0.35,0.65,Data for development,albania,2016,Albania
90670,38507,0,52163,0,0.53,0.47,Gender equality and rights,albania,2016,Albania
453487,149293,0,304193,0,0.43,0.57,Integrated sexual and reproductive health,albania,2016,Albania
5707,5707,0,0,0,1.0,0.0,Adolescents,algeria,2016,Algeria
126704,97669,29034,1,0,0.72,0.28,Data for development,algeria,2016,Algeria
136439,136439,0,0,0,0.85,0.15,Gender equality and rights,algeria,2016,Algeria
157337,70276,87047,14,0,0.27,0.73,Integrated sexual and reproductive health,algeria,2016,Algeria
5681,5681,0,0,0,1.0,0.0,Organizational effectiveness and efficiency,algeria,2016,Algeria
73729,51940,21790,0,0,0.63,0.37,Adolescents,angola,2016,Angola
491559,405457,86101,0,0,0.96,0.04,Data for development,angola,2016,Angola
325056,279678,45378,0,0,1.0,0.0,Gender equality and rights,angola,2016,Angola
1060189,870406,189783,0,0,0.75,0.25,Integrated sexual and reproductive health,angola,2016,Angola
42256,42256,0,0,0,1.0,0.0,Organizational effectiveness and efficiency,angola,2016,Angola
105681,90813,0,14868,0,1.0,0.0,Adolescents,argentina,2016,Argentina
59022,46049,0,12974,0,1.0,0.0,Data for development,argentina,2016,Argentina
22920,22920,0,0,0,0.42,0.58,Gender equality and rights,argentina,2016,Argentina
88,88,0,0,0,1.0,0.0,Integrated sexual and reproductive health,argentina,2016,Argentina
24387,24387,0,0,0,1.0,0.0,Organizational effectiveness and efficiency,argentina,2016,Argentina
36349,36349,0,0,0,1.0,0.0,Adolescents,armenia,2016,Armenia
171973,171973,0,0,0,0.99,0.01,Data for development,armenia,2016,Armenia
120312,96708,0,23604,0,1.0,0.0,Gender equality and rights,armenia,2016,Armenia
445450,330239,10000,105212,0,0.38,0.62,Integrated sexual and reproductive health,armenia,2016,Armenia
2419,2419,0,0,0,1.0,0.0,Organizational effectiveness and efficiency,armenia,2016,Armenia
22344,22344,0,0,0,0.99,0.01,Adolescents,azerbaijan,2016,Azerbaijan
154979,154979,0,0,0,0.97,0.03,Data for development,azerbaijan,2016,Azerbaijan
170538,165538,0,0,5000,0.63,0.37,Gender equality and rights,azerbaijan,2016,Azerbaijan
150100,150100,0,0,0,0.9,0.1,Integrated sexual and reproductive health,azerbaijan,2016,Azerbaijan
1255502,200413,372224,682962,0,0.07,0.93,Adolescents,bangladesh,2016,Bangladesh
758125,437698,322892,0,0,0.97,0.03,Data for development,bangladesh,2016,Bangladesh
1782113,1224331,353855,203927,0,0.82,0.18,Gender equality and rights,bangladesh,2016,Bangladesh
6919216,3892064,1455039,1572112,0,0.67,0.33,Integrated sexual and reproductive health,bangladesh,2016,Bangladesh
5844,5673,172,0,0,0.92,0.08,Organizational effectiveness and efficiency,bangladesh,2016,Bangladesh
4429,4429,0,0,0,1.0,0.0,Adolescents,belarus,2016,Belarus
448684,448684,0,0,0,0.38,0.62,Data for development,belarus,2016,Belarus
111925,111925,0,0,0,0.59,0.41,Gender equality and rights,belarus,2016,Belarus
89910,89910,0,0,0,0.81,0.19,Integrated sexual and reproductive health,belarus,2016,Belarus
-61,0,0,0,0,0.0,0.0,Organizational effectiveness and efficiency,belarus,2016,Belarus
738371,423689,0,314682,0,0.42,0.58,Adolescents,benin,2016,Benin
394976,370477,24484,16,0,0.87,0.13,Data for development,benin,2016,Benin
377204,241473,42942,92789,0,0.75,0.25,Gender equality and rights,benin,2016,Benin
2772263,1916954,435250,420059,0,0.22,0.78,Integrated sexual and reproductive health,benin,2016,Benin
99836,99836,0,0,0,1.04,-0.04,Organizational effectiveness and efficiency,benin,2016,Benin
100343,4128,96215,0,0,1.0,0.0,Adolescents,bhutan,2016,Bhutan
156381,125392,30989,0,0,1.0,0.0,Data for development,bhutan,2016,Bhutan
146146,8354,48216,89575,0,1.0,0.0,Gender equality and rights,bhutan,2016,Bhutan
306224,169481,136743,0,0,1.0,0.0,Integrated sexual and reproductive health,bhutan,2016,Bhutan
24973,24973,0,0,0,1.0,0.0,Organizational effectiveness and efficiency,bhutan,2016,Bhutan
580385,439173,86707,54504,0,0.31,0.69,Adolescents,bolivia,2016,Bolivia (Plurinational State of)
543945,436441,77483,30021,0,0.83,0.17,Data for development,bolivia,2016,Bolivia (Plurinational State of)
761016,516453,97063,147500,0,0.12,0.88,Gender equality and rights,bolivia,2016,Bolivia (Plurinational State of)
731659,489177,78044,164438,0,0.36,0.64,Integrated sexual and reproductive health,bolivia,2016,Bolivia (Plurinational State of)
24583,11706,0,12877,0,1.0,0.0,Adolescents,bosnia-herzegovina,2016,Bosnia and Herzegovina
109476,101701,0,7775,0,0.95,0.05,Data for development,bosnia-herzegovina,2016,Bosnia and Herzegovina
264335,167270,0,97065,0,0.08,0.92,Gender equality and rights,bosnia-herzegovina,2016,Bosnia and Herzegovina
285525,232631,0,52895,0,0.94,0.06,Integrated sexual and reproductive health,bosnia-herzegovina,2016,Bosnia and Herzegovina
6832,3796,0,3036,0,1.0,0.0,Organizational effectiveness and efficiency,bosnia-herzegovina,2016,Bosnia and Herzegovina
238960,238960,0,0,0,0.56,0.44,Adolescents,botswana,2016,Botswana
382480,310565,0,73761,0,0.81,0.19,Data for development,botswana,2016,Botswana
117513,106361,0,11152,0,1.0,-0.0,Gender equality and rights,botswana,2016,Botswana
340761,340588,173,0,0,0.2,0.8,Integrated sexual and reproductive health,botswana,2016,Botswana
333336,333336,0,0,0,0.98,0.02,Adolescents,brazil,2016,Brazil
376061,249729,0,126331,0,0.58,0.42,Data for development,brazil,2016,Brazil
19926,19926,0,0,0,1.0,0.0,Gender equality and rights,brazil,2016,Brazil
652438,526194,0,126244,0,0.95,0.05,Integrated sexual and reproductive health,brazil,2016,Brazil
702579,544127,158375,77,0,0.74,0.26,Adolescents,burkina-faso,2016,Burkina Faso
549431,266480,282951,0,0,0.73,0.27,Data for development,burkina-faso,2016,Burkina Faso
797553,154957,547396,95201,0,0.06,0.94,Gender equality and rights,burkina-faso,2016,Burkina Faso
4650710,2159964,2139828,350919,0,0.31,0.69,Integrated sexual and reproductive health,burkina-faso,2016,Burkina Faso
39442,39442,0,0,0,1.0,0.0,Organizational effectiveness and efficiency,burkina-faso,2016,Burkina Faso
1200526,884555,0,315970,0,0.32,0.68,Adolescents,burundi,2016,Burundi
165268,165268,0,0,0,0.44,0.56,Data for development,burundi,2016,Burundi
209074,105920,29389,73765,0,0.65,0.35,Gender equality and rights,burundi,2016,Burundi
3790070,2175969,1093961,515140,5000,0.24,0.76,Integrated sexual and reproductive health,burundi,2016,Burundi
83485,83485,0,0,0,1.0,0.0,Organizational effectiveness and efficiency,burundi,2016,Burundi
629782,508000,0,0,121782,0.81,0.19,Adolescents,cabo-verde,2016,Cabo Verde
376919,158486,53037,165396,0,0.6,0.4,Adolescents,cambodia,2016,Cambodia
318009,221258,96751,0,0,0.98,0.02,Data for development,cambodia,2016,Cambodia
249354,160046,92596,0,0,0.72,0.28,Gender equality and rights,cambodia,2016,Cambodia
1675941,798726,814430,62785,0,1.0,0.0,Integrated sexual and reproductive health,cambodia,2016,Cambodia
4979,0,4979,0,0,1.0,0.0,Organizational effectiveness and efficiency,cambodia,2016,Cambodia
439305,125331,241217,69978,2779,0.32,0.68,Adolescents,cameroon,2016,Cameroon
238055,111231,126824,0,0,0.95,0.05,Data for development,cameroon,2016,Cameroon
338354,181122,98319,58913,0,0.49,0.51,Gender equality and rights,cameroon,2016,Cameroon
5810770,3902739,1359809,546476,1745,0.41,0.59,Integrated sexual and reproductive health,cameroon,2016,Cameroon
-268,0,0,0,0,0.0,0.0,Organizational effectiveness and efficiency,cameroon,2016,Cameroon
623743,465449,158294,0,0,0.13,0.87,Adolescents,central-african-republic,2016,Central African Republic
732122,628195,102456,1471,0,0.77,0.23,Data for development,central-african-republic,2016,Central African Republic
840310,590573,26783,222953,0,0.04,0.96,Gender equality and rights,central-african-republic,2016,Central African Republic
2238746,1996715,15555,226476,0,0.41,0.59,Integrated sexual and reproductive health,central-african-republic,2016,Central African Republic
23815,23815,0,0,0,1.0,0.0,Organizational effectiveness and efficiency,central-african-republic,2016,Central African Republic
214772,32195,25037,157541,0,0.08,0.92,Adolescents,chad,2016,Chad
490429,399773,90657,0,0,0.56,0.44,Data for development,chad,2016,Chad
968455,622000,127778,218677,0,0.43,0.57,Gender equality and rights,chad,2016,Chad
4630123,3675647,681917,272559,0,0.46,0.54,Integrated sexual and reproductive health,chad,2016,Chad
13588,13588,0,0,0,1.0,0.0,Adolescents,chile,2016,Chile
9060,9060,0,0,0,1.0,0.0,Data for development,chile,2016,Chile
150572,150572,0,0,0,1.0,0.0,Integrated sexual and reproductive health,chile,2016,Chile
187467,187467,0,0,0,1.0,0.0,Adolescents,china,2016,China
763094,750747,12347,0,0,0.94,0.06,Data for development,china,2016,China
225793,225793,0,0,0,0.44,0.56,Gender equality and rights,china,2016,China
761924,690349,29945,41630,0,0.77,0.23,Integrated sexual and reproductive health,china,2016,China
584910,190282,394628,0,0,0.33,0.67,Adolescents,colombia,2016,Colombia
747667,259703,487964,0,0,0.37,0.63,Data for development,colombia,2016,Colombia
106967,106967,0,0,0,0.81,0.19,Gender equality and rights,colombia,2016,Colombia
1244529,328895,915634,0,0,0.27,0.73,Integrated sexual and reproductive health,colombia,2016,Colombia
49949,49949,0,0,0,1.0,0.0,Organizational effectiveness and efficiency,colombia,2016,Colombia
7763,13,0,7750,0,1.0,0.0,Adolescents,comoros,2016,Comoros
448400,307806,140594,0,0,1.0,0.0,Data for development,comoros,2016,Comoros
31570,22068,9502,0,0,1.1,-0.1,Gender equality and rights,comoros,2016,Comoros
250752,228371,17457,4923,0,1.0,0.0,Integrated sexual and reproductive health,comoros,2016,Comoros
44131,44131,0,0,0,1.0,0.0,Organizational effectiveness and efficiency,comoros,2016,Comoros
273002,263627,9374,0,0,0.87,0.13,Adolescents,congo,2016,Congo
553108,450440,97588,5081,0,0.52,0.48,Data for development,congo,2016,Congo
246702,246653,0,49,0,0.94,0.06,Gender equality and rights,congo,2016,Congo
1108977,832312,186310,90355,0,0.38,0.62,Integrated sexual and reproductive health,congo,2016,Congo
0,0,0,0,0,1.0,0.0,Organizational effectiveness and efficiency,congo,2016,Congo
19715,19715,0,0,0,1.0,0.0,Adolescents,costa-rica,2016,Costa Rica
148742,148742,0,0,0,1.0,0.0,Data for development,costa-rica,2016,Costa Rica
129418,96418,0,32999,0,0.38,0.62,Gender equality and rights,costa-rica,2016,Costa Rica
289973,266450,0,23523,0,0.69,0.31,Integrated sexual and reproductive health,costa-rica,2016,Costa Rica
12926,12926,0,0,0,0.0,1.0,Organizational effectiveness and efficiency,costa-rica,2016,Costa Rica
575674,533795,41879,0,0,0.61,0.39,Adolescents,côte-divoire,2016,Côte d'Ivoire
799326,716983,82343,0,0,0.87,0.13,Data for development,côte-divoire,2016,Côte d'Ivoire
1332110,1164459,0,167651,0,0.38,0.62,Gender equality and rights,côte-divoire,2016,Côte d'Ivoire
5379411,5196221,100544,82645,0,0.25,0.75,Integrated sexual and reproductive health,côte-divoire,2016,Côte d'Ivoire
7,7,0,0,0,0.0,1.0,Organizational effectiveness and efficiency,côte-divoire,2016,Côte d'Ivoire
165498,30648,118855,15995,0,0.41,0.59,Adolescents,cuba,2016,Cuba
99947,10526,76783,12638,0,0.67,0.33,Data for development,cuba,2016,Cuba
55333,21319,0,34014,0,1.0,0.0,Gender equality and rights,cuba,2016,Cuba
234795,227986,6809,0,0,0.98,0.02,Integrated sexual and reproductive health,cuba,2016,Cuba
64856,64856,0,0,0,1.0,0.0,Organizational effectiveness and efficiency,cuba,2016,Cuba
5154107,1977884,2369884,806339,0,0.19,0.81,Adolescents,democratic-republic-congo,2016,Democratic Republic of the Congo
405155,115326,289829,0,0,0.92,0.08,Data for development,democratic-republic-congo,2016,Democratic Republic of the Congo
1571713,1203018,246646,122049,0,0.2,0.8,Gender equality and rights,democratic-republic-congo,2016,Democratic Republic of the Congo
14226981,12080007,1453063,662239,31673,0.45,0.55,Integrated sexual and reproductive health,democratic-republic-congo,2016,Democratic Republic of the Congo
45953,45953,0,0,0,0.71,0.29,Adolescents,djibouti,2016,Djibouti
19372,0,19372,0,0,1.0,0.0,Data for development,djibouti,2016,Djibouti
224171,87036,71049,66086,0,0.35,0.65,Gender equality and rights,djibouti,2016,Djibouti
744208,332550,213383,111767,86508,0.76,0.24,Integrated sexual and reproductive health,djibouti,2016,Djibouti
32683,32683,0,0,0,0.94,0.06,Organizational effectiveness and efficiency,djibouti,2016,Djibouti
112358,112358,0,0,0,1.0,0.0,Adolescents,dominican-republic,2016,Dominican Republic
122128,122128,0,0,0,0.88,0.12,Data for development,dominican-republic,2016,Dominican Republic
16602,16602,0,0,0,1.0,0.0,Gender equality and rights,dominican-republic,2016,Dominican Republic
311939,311939,0,0,0,0.8,0.2,Integrated sexual and reproductive health,dominican-republic,2016,Dominican Republic
42198,42198,0,0,0,1.0,0.0,Organizational effectiveness and efficiency,dominican-republic,2016,Dominican Republic
121847,109346,0,12501,0,1.0,0.0,Adolescents,ecuador,2016,Ecuador
190251,190251,0,0,0,0.83,0.17,Gender equality and rights,ecuador,2016,Ecuador
612663,612663,0,0,0,0.66,0.34,Integrated sexual and reproductive health,ecuador,2016,Ecuador
80956,80956,0,0,0,1.0,0.0,Organizational effectiveness and efficiency,ecuador,2016,Ecuador
763661,167454,0,596207,0,0.48,0.52,Adolescents,egypt,2016,Egypt
316817,210448,106369,0,0,0.31,0.69,Data for development,egypt,2016,Egypt
1839568,804826,250976,783766,0,0.19,0.81,Gender equality and rights,egypt,2016,Egypt
1074825,608805,353843,112177,0,0.71,0.29,Integrated sexual and reproductive health,egypt,2016,Egypt
4572,1195,0,3377,0,0.26,0.74,Organizational effectiveness and efficiency,egypt,2016,Egypt
254862,254862,0,0,0,0.74,0.26,Adolescents,el-salvador,2016,El Salvador
328439,328439,0,0,0,0.37,0.63,Data for development,el-salvador,2016,El Salvador
400923,344236,3450,53237,0,0.22,0.78,Gender equality and rights,el-salvador,2016,El Salvador
786041,740640,0,45401,0,0.46,0.54,Integrated sexual and reproductive health,el-salvador,2016,El Salvador
796640,550029,246611,0,0,0.55,0.45,Adolescents,equatorial-guinea,2016,Equatorial Guinea
104736,14306,90430,0,0,0.02,0.98,Data for development,equatorial-guinea,2016,Equatorial Guinea
1006559,852626,153932,0,0,0.1,0.9,Integrated sexual and reproductive health,equatorial-guinea,2016,Equatorial Guinea
19719,1877,17842,0,0,0.1,0.9,Organizational effectiveness and efficiency,equatorial-guinea,2016,Equatorial Guinea
113706,1467,0,112240,0,0.56,0.44,Adolescents,eritrea,2016,Eritrea
140542,101298,39244,0,0,0.41,0.59,Data for development,eritrea,2016,Eritrea
333415,18955,50205,264254,0,0.14,0.86,Gender equality and rights,eritrea,2016,Eritrea
993851,371152,619740,2959,0,0.69,0.31,Integrated sexual and reproductive health,eritrea,2016,Eritrea
23863,23863,0,0,0,1.0,0.0,Organizational effectiveness and efficiency,eritrea,2016,Eritrea
351760,304242,0,47518,0,0.28,0.72,Adolescents,eswatini,2016,Eswatini
416824,336194,1716,78915,0,0.64,0.36,Data for development,eswatini,2016,Eswatini
75554,57957,0,17597,0,0.87,0.13,Gender equality and rights,eswatini,2016,Eswatini
618312,341210,0,277102,0,0.48,0.52,Integrated sexual and reproductive health,eswatini,2016,Eswatini
1520163,241861,1047287,231015,0,0.22,0.78,Adolescents,ethiopia,2016,Ethiopia
2479680,1983688,495992,0,0,0.87,0.13,Data for development,ethiopia,2016,Ethiopia
1235866,305667,495585,434614,0,0.33,0.67,Gender equality and rights,ethiopia,2016,Ethiopia
9506594,3905379,5216445,384770,0,0.27,0.73,Integrated sexual and reproductive health,ethiopia,2016,Ethiopia
15174,15174,0,0,0,1.0,0.0,Organizational effectiveness and efficiency,ethiopia,2016,Ethiopia
478413,318883,159530,0,0,0.91,0.09,Data for development,gabon,2016,Gabon
13358,0,13358,0,0,1.0,0.0,Gender equality and rights,gabon,2016,Gabon
180690,106799,73892,0,0,0.94,0.06,Integrated sexual and reproductive health,gabon,2016,Gabon
2290,0,0,2290,0,1.0,0.0,Adolescents,gambia,2016,Gambia
262487,178626,83861,0,0,1.0,0.0,Data for development,gambia,2016,Gambia
435599,214485,155025,66089,0,0.21,0.79,Gender equality and rights,gambia,2016,Gambia
811955,652074,142698,17184,0,0.56,0.44,Integrated sexual and reproductive health,gambia,2016,Gambia
-3160,0,0,0,0,0.0,0.0,Organizational effectiveness and efficiency,gambia,2016,Gambia
11750,0,0,11750,0,0.0,1.0,Adolescents,georgia,2016,Georgia
156552,156552,0,0,0,0.67,0.33,Data for development,georgia,2016,Georgia
346105,212127,40925,93053,0,0.08,0.92,Gender equality and rights,georgia,2016,Georgia
518934,344012,41495,133428,0,0.83,0.17,Integrated sexual and reproductive health,georgia,2016,Georgia
482231,140464,264302,77466,0,0.56,0.44,Adolescents,ghana,2016,Ghana
429707,186933,184985,57789,0,0.91,0.09,Data for development,ghana,2016,Ghana
253160,0,247508,5652,0,1.0,0.0,Gender equality and rights,ghana,2016,Ghana
2470993,1702385,726681,41927,0,0.68,0.32,Integrated sexual and reproductive health,ghana,2016,Ghana
-3226,0,300,0,0,0.0,0.0,Organizational effectiveness and efficiency,ghana,2016,Ghana
701037,281458,41026,378553,0,0.22,0.78,Adolescents,guatemala,2016,Guatemala
325384,247688,77696,0,0,0.78,0.22,Data for development,guatemala,2016,Guatemala
1163506,478113,564506,120886,0,0.3,0.7,Gender equality and rights,guatemala,2016,Guatemala
3889484,3879497,0,9987,0,0.1,0.9,Integrated sexual and reproductive health,guatemala,2016,Guatemala
85854,85854,0,0,0,1.0,0.0,Organizational effectiveness and efficiency,guatemala,2016,Guatemala
607272,309935,297337,0,0,0.68,0.32,Adolescents,guinea,2016,Guinea
962036,795109,166927,0,0,0.93,0.07,Data for development,guinea,2016,Guinea
1264264,248227,1016038,0,0,0.27,0.73,Gender equality and rights,guinea,2016,Guinea
4185004,2617030,1390024,177951,0,0.27,0.73,Integrated sexual and reproductive health,guinea,2016,Guinea
9566,9566,0,0,0,1.0,0.0,Organizational effectiveness and efficiency,guinea,2016,Guinea
252237,206798,18748,26691,0,0.89,0.11,Adolescents,guinea-bissau,2016,Guinea-Bissau
241095,236612,4482,0,0,1.0,0.0,Data for development,guinea-bissau,2016,Guinea-Bissau
172936,39296,61367,55254,17020,0.15,0.85,Gender equality and rights,guinea-bissau,2016,Guinea-Bissau
1412767,989852,370390,52525,0,0.22,0.78,Integrated sexual and reproductive health,guinea-bissau,2016,Guinea-Bissau
67364,67364,0,0,0,-0.01,1.01,Organizational effectiveness and efficiency,guinea-bissau,2016,Guinea-Bissau
193055,69384,4441,119230,0,0.25,0.75,Adolescents,haiti,2016,Haiti
444142,290715,59003,94424,0,1.0,0.0,Data for development,haiti,2016,Haiti
63942,20167,13054,30720,0,0.46,0.54,Gender equality and rights,haiti,2016,Haiti
2821200,1805887,671078,344235,0,0.61,0.39,Integrated sexual and reproductive health,haiti,2016,Haiti
790593,362525,96704,331364,0,0.21,0.79,Adolescents,honduras,2016,Honduras
384125,256314,127946,0,0,0.91,0.09,Data for development,honduras,2016,Honduras
478864,382370,96494,0,0,0.61,0.39,Gender equality and rights,honduras,2016,Honduras
1833490,1015871,38526,742929,36164,0.15,0.85,Integrated sexual and reproductive health,honduras,2016,Honduras
3682618,1510706,458347,1713564,0,0.88,0.12,Adolescents,india,2016,India
1294760,765109,1821,527830,0,1.0,0.0,Data for development,india,2016,India
1648142,615228,116803,916110,0,0.76,0.24,Gender equality and rights,india,2016,India
1527604,1189465,101813,236326,0,1.0,0.0,Integrated sexual and reproductive health,india,2016,India
12,12,0,0,0,1.0,0.0,Organizational effectiveness and efficiency,india,2016,India
431309,274516,123296,33497,0,1.0,0.0,Adolescents,indonesia,2016,Indonesia
966084,593268,372749,67,0,1.0,0.0,Data for development,indonesia,2016,Indonesia
380510,258620,121890,0,0,0.95,0.05,Gender equality and rights,indonesia,2016,Indonesia
1657179,1252499,296788,107892,0,0.85,0.15,Integrated sexual and reproductive health,indonesia,2016,Indonesia
2995,2995,0,0,0,1.0,0.0,Organizational effectiveness and efficiency,indonesia,2016,Indonesia
578958,362358,216600,0,0,1.0,0.0,Data for development,iran,2016,Iran (Islamic Republic of)
650392,372401,277991,0,0,0.64,0.36,Integrated sexual and reproductive health,iran,2016,Iran (Islamic Republic of)
518410,126789,0,385540,6082,0.16,0.84,Adolescents,iraq,2016,Iraq
79195,77347,0,1849,0,0.31,0.69,Data for development,iraq,2016,Iraq
10491279,3734828,451073,6305377,0,0.01,0.99,Gender equality and rights,iraq,2016,Iraq
10674930,7036566,0,3638364,0,0.12,0.88,Integrated sexual and reproductive health,iraq,2016,Iraq
337239,337239,0,0,0,0.0,1.0,Organizational effectiveness and efficiency,iraq,2016,Iraq
660709,130692,0,530017,0,0.12,0.88,Adolescents,jordan,2016,Jordan
280514,134711,121568,24236,0,0.86,0.14,Data for development,jordan,2016,Jordan
7147738,713386,8323,6281660,144369,0.05,0.95,Gender equality and rights,jordan,2016,Jordan
5758290,1201057,12157,4518832,26244,0.04,0.96,Integrated sexual and reproductive health,jordan,2016,Jordan
224,0,0,224,0,1.0,0.0,Organizational effectiveness and efficiency,jordan,2016,Jordan
120324,35100,0,85223,0,0.33,0.67,Adolescents,kazakhstan,2016,Kazakhstan
156742,145084,6633,5025,0,0.86,0.14,Data for development,kazakhstan,2016,Kazakhstan
42807,15720,0,27087,0,1.0,0.0,Gender equality and rights,kazakhstan,2016,Kazakhstan
195169,113614,0,81555,0,0.75,0.25,Integrated sexual and reproductive health,kazakhstan,2016,Kazakhstan
51695,51695,0,0,0,0.89,0.11,Organizational effectiveness and efficiency,kazakhstan,2016,Kazakhstan
566571,113876,149296,303399,0,0.21,0.79,Adolescents,kenya,2016,Kenya
795535,557698,237837,0,0,0.73,0.27,Data for development,kenya,2016,Kenya
972147,488546,49676,410458,23466,0.22,0.78,Gender equality and rights,kenya,2016,Kenya
11777760,6189601,3148135,2340479,99545,0.36,0.64,Integrated sexual and reproductive health,kenya,2016,Kenya
3841,2762,0,1079,0,1.0,0.0,Organizational effectiveness and efficiency,kenya,2016,Kenya
61122,61122,0,0,0,1.0,0.0,Adolescents,kyrgyzstan,2016,Kyrgyzstan
124930,119580,5350,0,0,1.0,0.0,Data for development,kyrgyzstan,2016,Kyrgyzstan
342172,147508,128307,66358,0,0.36,0.64,Gender equality and rights,kyrgyzstan,2016,Kyrgyzstan
432457,319913,0,112543,0,0.93,0.07,Integrated sexual and reproductive health,kyrgyzstan,2016,Kyrgyzstan
339820,149968,189852,0,0,1.0,0.0,Adolescents,lao-peoples-democratic-republic,2016,Lao People's Democratic Republic
673535,331402,342133,0,0,1.0,0.0,Data for development,lao-peoples-democratic-republic,2016,Lao People's Democratic Republic
50863,38604,12259,0,0,1.0,0.0,Gender equality and rights,lao-peoples-democratic-republic,2016,Lao People's Democratic Republic
1923397,797365,1015219,110813,0,0.35,0.65,Integrated sexual and reproductive health,lao-peoples-democratic-republic,2016,Lao People's Democratic Republic
147972,53684,0,94288,0,0.25,0.75,Adolescents,lebanon,2016,Lebanon
121365,38431,82933,0,0,0.8,0.2,Data for development,lebanon,2016,Lebanon
1748326,801553,7708,939066,0,0.03,0.97,Gender equality and rights,lebanon,2016,Lebanon
989640,822508,0,167131,0,0.45,0.55,Integrated sexual and reproductive health,lebanon,2016,Lebanon
5721,5721,0,0,0,1.0,0.0,Organizational effectiveness and efficiency,lebanon,2016,Lebanon
137831,51436,22087,64308,0,0.06,0.94,Adolescents,lesotho,2016,Lesotho
32282,18077,6,14199,0,0.42,0.58,Data for development,lesotho,2016,Lesotho
145059,134194,10865,0,0,0.76,0.24,Gender equality and rights,lesotho,2016,Lesotho
1135123,927678,79296,128149,0,0.49,0.51,Integrated sexual and reproductive health,lesotho,2016,Lesotho
71813,71790,22,0,0,0.88,0.12,Organizational effectiveness and efficiency,lesotho,2016,Lesotho
1014208,389544,324393,300271,0,0.49,0.51,Adolescents,liberia,2016,Liberia
764975,695646,52925,16404,0,0.24,0.76,Data for development,liberia,2016,Liberia
370700,161878,89450,119372,0,0.29,0.71,Gender equality and rights,liberia,2016,Liberia
4227578,2253669,731600,1242310,0,0.16,0.84,Integrated sexual and reproductive health,liberia,2016,Liberia
56073,34926,0,21147,0,1.0,0.0,Adolescents,libya,2016,Libya
279838,125318,154521,0,0,0.64,0.36,Data for development,libya,2016,Libya
529984,190314,0,339669,0,0.0,1.0,Gender equality and rights,libya,2016,Libya
771532,684865,36455,50212,0,0.41,0.59,Integrated sexual and reproductive health,libya,2016,Libya
2697,2697,0,0,0,0.0,1.0,Organizational effectiveness and efficiency,libya,2016,Libya
269176,117777,147532,3867,0,1.0,0.0,Adolescents,madagascar,2016,Madagascar
748658,427975,320683,0,0,0.67,0.33,Data for development,madagascar,2016,Madagascar
200054,96583,86720,16751,0,0.92,0.08,Gender equality and rights,madagascar,2016,Madagascar
4526273,3536179,407542,582552,0,0.64,0.36,Integrated sexual and reproductive health,madagascar,2016,Madagascar
120297,82556,37741,0,0,1.0,0.0,Organizational effectiveness and efficiency,madagascar,2016,Madagascar
2484764,663422,1353730,467611,0,0.04,0.96,Adolescents,malawi,2016,Malawi
376758,230446,146311,0,0,0.78,0.22,Data for development,malawi,2016,Malawi
2429593,1644863,511750,272979,0,0.11,0.89,Gender equality and rights,malawi,2016,Malawi
2923107,1544280,1262030,116797,0,0.54,0.46,Integrated sexual and reproductive health,malawi,2016,Malawi
153119,0,152590,529,0,0.65,0.35,Adolescents,malaysia,2016,Malaysia
262244,169421,91646,1177,0,0.82,0.18,Data for development,malaysia,2016,Malaysia
121707,25000,0,96707,0,0.48,0.52,Gender equality and rights,malaysia,2016,Malaysia
141332,20139,28152,93042,0,0.56,0.44,Integrated sexual and reproductive health,malaysia,2016,Malaysia
182455,174843,7611,0,0,1.0,0.0,Adolescents,maldives,2016,Maldives
209933,184933,25000,0,0,0.44,0.56,Data for development,maldives,2016,Maldives
-2381,0,0,0,0,0.0,0.0,Organizational effectiveness and efficiency,maldives,2016,Maldives
563279,356399,167351,39528,0,0.89,0.11,Adolescents,mali,2016,Mali
626948,437697,189252,0,0,1.0,0.0,Data for development,mali,2016,Mali
820584,459348,263615,97621,0,0.3,0.7,Gender equality and rights,mali,2016,Mali
3689088,2134427,843231,697764,13666,0.42,0.58,Integrated sexual and reproductive health,mali,2016,Mali
23004,0,23004,0,0,1.0,0.0,Organizational effectiveness and efficiency,mali,2016,Mali
72851,2280,70571,0,0,0.37,0.63,Adolescents,mauritania,2016,Mauritania
634661,614984,19677,0,0,0.92,0.08,Data for development,mauritania,2016,Mauritania
448829,152117,207685,89027,0,0.16,0.84,Gender equality and rights,mauritania,2016,Mauritania
1395770,735917,380297,279556,0,0.18,0.82,Integrated sexual and reproductive health,mauritania,2016,Mauritania
83025,83025,0,0,0,1.0,0.0,Organizational effectiveness and efficiency,mauritania,2016,Mauritania
16667,0,16667,0,0,1.0,0.0,Adolescents,mauritius,2016,Mauritius
12052,0,12052,0,0,1.0,0.0,Data for development,mauritius,2016,Mauritius
22968,0,22968,0,0,1.0,0.0,Gender equality and rights,mauritius,2016,Mauritius
14105,0,14105,0,0,1.0,0.0,Integrated sexual and reproductive health,mauritius,2016,Mauritius
14172,14172,0,0,0,1.0,0.0,Organizational effectiveness and efficiency,mauritius,2016,Mauritius
410532,364376,46156,0,0,0.71,0.29,Adolescents,mexico,2016,Mexico
195339,133267,62072,0,0,0.91,0.09,Data for development,mexico,2016,Mexico
19161,53,19108,0,0,0.27,0.73,Gender equality and rights,mexico,2016,Mexico
572873,502009,70865,0,0,0.58,0.42,Integrated sexual and reproductive health,mexico,2016,Mexico
39866,39866,0,0,0,1.0,0.0,Organizational effectiveness and efficiency,mexico,2016,Mexico
1219416,313658,531886,373872,0,0.2,0.8,Adolescents,mongolia,2016,Mongolia
262199,110926,151273,0,0,1.0,0.0,Data for development,mongolia,2016,Mongolia
825892,574006,246725,5160,0,0.32,0.68,Gender equality and rights,mongolia,2016,Mongolia
1351620,936654,346151,68816,0,0.2,0.8,Integrated sexual and reproductive health,mongolia,2016,Mongolia
24404,24404,0,0,0,1.0,0.0,Organizational effectiveness and efficiency,mongolia,2016,Mongolia
97135,53272,34304,9559,0,0.79,0.21,Adolescents,morocco,2016,Morocco
191699,151883,10986,0,28830,0.96,0.04,Data for development,morocco,2016,Morocco
238469,148985,50592,38893,0,0.96,0.04,Gender equality and rights,morocco,2016,Morocco
488035,377824,101345,8866,0,0.9,0.1,Integrated sexual and reproductive health,morocco,2016,Morocco
3995262,2613358,257428,1117099,7377,0.55,0.45,Adolescents,mozambique,2016,Mozambique
893288,285112,556196,0,51980,0.57,0.43,Data for development,mozambique,2016,Mozambique
449026,86981,234228,127817,0,0.48,0.52,Gender equality and rights,mozambique,2016,Mozambique
6040715,1711424,2870797,1373642,84852,0.15,0.85,Integrated sexual and reproductive health,mozambique,2016,Mozambique
62630,57604,5026,0,0,0.93,0.07,Organizational effectiveness and efficiency,mozambique,2016,Mozambique
717419,340985,77615,298819,0,0.6,0.4,Adolescents,myanmar,2016,Myanmar
2303840,2127616,176005,219,0,0.12,0.88,Data for development,myanmar,2016,Myanmar
2836821,1834652,24462,977707,0,0.13,0.87,Gender equality and rights,myanmar,2016,Myanmar
4122165,2198936,245594,1677635,0,0.49,0.51,Integrated sexual and reproductive health,myanmar,2016,Myanmar
-124,0,0,0,0,0.0,0.0,Organizational effectiveness and efficiency,myanmar,2016,Myanmar
292740,162368,77891,52482,0,0.43,0.57,Adolescents,namibia,2016,Namibia
221258,134659,24100,62499,0,1.0,0.0,Data for development,namibia,2016,Namibia
203774,143981,59793,0,0,0.77,0.23,Gender equality and rights,namibia,2016,Namibia
544651,450432,94219,0,0,0.66,0.34,Integrated sexual and reproductive health,namibia,2016,Namibia
37252,37252,0,0,0,1.0,0.0,Organizational effectiveness and efficiency,namibia,2016,Namibia
484409,16241,207712,260456,0,0.5,0.5,Adolescents,nepal,2016,Nepal
976515,578331,342115,56070,0,0.97,0.03,Data for development,nepal,2016,Nepal
1618536,841388,268090,509057,0,0.49,0.51,Gender equality and rights,nepal,2016,Nepal
2373170,1163751,622662,586758,0,0.58,0.42,Integrated sexual and reproductive health,nepal,2016,Nepal
143809,143931,0,0,0,1.0,0.0,Organizational effectiveness and efficiency,nepal,2016,Nepal
166144,113598,52546,0,0,1.0,0.0,Adolescents,nicaragua,2016,Nicaragua
187423,186754,669,0,0,1.0,0.0,Data for development,nicaragua,2016,Nicaragua
208457,168521,39936,0,0,0.73,0.27,Gender equality and rights,nicaragua,2016,Nicaragua
449081,358498,90632,0,0,0.99,0.01,Integrated sexual and reproductive health,nicaragua,2016,Nicaragua
2261680,518000,673702,1069978,0,0.17,0.83,Adolescents,niger,2016,Niger
484107,295005,189102,0,0,0.85,0.15,Data for development,niger,2016,Niger
1345319,249937,152680,942702,0,0.36,0.64,Gender equality and rights,niger,2016,Niger
5920077,2693321,2366041,860716,0,0.32,0.68,Integrated sexual and reproductive health,niger,2016,Niger
53251,53251,0,0,0,0.94,0.06,Organizational effectiveness and efficiency,niger,2016,Niger
686983,152205,182540,352238,0,0.01,0.99,Adolescents,nigeria,2016,Nigeria
2428097,1966808,442033,19257,0,0.77,0.23,Data for development,nigeria,2016,Nigeria
605415,354820,56155,194440,0,0.0,1.0,Gender equality and rights,nigeria,2016,Nigeria
22868269,18556243,1704246,2607781,0,0.18,0.82,Integrated sexual and reproductive health,nigeria,2016,Nigeria
45559,45559,0,0,0,1.0,0.0,Organizational effectiveness and efficiency,nigeria,2016,Nigeria
18125,16270,0,1855,0,1.0,0.0,Adolescents,north-macedonia,2016,North Macedonia
11374,11374,0,0,0,1.0,0.0,Data for development,north-macedonia,2016,North Macedonia
379130,274677,0,104453,0,0.7,0.3,Integrated sexual and reproductive health,north-macedonia,2016,North Macedonia
172124,172124,0,0,0,0.54,0.46,Adolescents,oman,2016,Oman
952393,952393,0,0,0,0.16,0.84,Data for development,oman,2016,Oman
50000,0,0,0,50000,1.0,0.0,Integrated sexual and reproductive health,oman,2016,Oman
4362,4362,0,0,0,1.0,0.0,Adolescents,pakistan,2016,Pakistan
1319081,433460,814593,71028,0,1.0,0.0,Data for development,pakistan,2016,Pakistan
669341,388138,0,198139,83064,0.56,0.44,Gender equality and rights,pakistan,2016,Pakistan
6307897,3278878,2005111,1023908,0,0.64,0.36,Integrated sexual and reproductive health,pakistan,2016,Pakistan
192444,192744,0,0,0,0.56,0.44,Adolescents,panama,2016,Panama
115542,115542,0,0,0,0.93,0.07,Data for development,panama,2016,Panama
147832,135292,0,12540,0,0.03,0.97,Gender equality and rights,panama,2016,Panama
288043,217247,0,70934,0,0.57,0.43,Integrated sexual and reproductive health,panama,2016,Panama
-2245,0,0,0,0,0.0,0.0,Organizational effectiveness and efficiency,panama,2016,Panama
186099,115982,22549,47568,0,0.4,0.6,Adolescents,papua-new-guinea,2016,Papua New Guinea
4724140,173488,4550653,0,0,0.06,0.94,Data for development,papua-new-guinea,2016,Papua New Guinea
221557,137883,9779,73895,0,1.0,0.0,Gender equality and rights,papua-new-guinea,2016,Papua New Guinea
1048563,959342,89220,0,0,0.65,0.35,Integrated sexual and reproductive health,papua-new-guinea,2016,Papua New Guinea
130134,130134,0,0,0,1.0,-0.0,Organizational effectiveness and efficiency,papua-new-guinea,2016,Papua New Guinea
202740,158964,0,43776,0,1.0,0.0,Adolescents,paraguay,2016,Paraguay
103434,102934,0,500,0,1.0,0.0,Data for development,paraguay,2016,Paraguay
179692,141087,0,38605,0,1.0,0.0,Gender equality and rights,paraguay,2016,Paraguay
398685,381700,0,16985,0,0.94,0.06,Integrated sexual and reproductive health,paraguay,2016,Paraguay
189792,189792,0,0,0,1.0,0.0,Adolescents,peru,2016,Peru
263904,254206,9698,0,0,1.0,0.0,Data for development,peru,2016,Peru
201461,201461,0,0,0,0.63,0.37,Gender equality and rights,peru,2016,Peru
126902,97450,0,29451,0,1.0,0.0,Integrated sexual and reproductive health,peru,2016,Peru
29338,29338,0,0,0,1.0,0.0,Organizational effectiveness and efficiency,peru,2016,Peru
913533,570968,34110,308456,0,0.5,0.5,Adolescents,philippines,2016,Philippines
1128668,334610,105411,688646,0,0.86,0.14,Data for development,philippines,2016,Philippines
336289,228957,92787,14545,0,0.72,0.28,Gender equality and rights,philippines,2016,Philippines
3334302,1450447,14145,1869710,0,0.47,0.53,Integrated sexual and reproductive health,philippines,2016,Philippines
539162,539162,0,0,0,1.0,0.0,Organizational effectiveness and efficiency,philippines,2016,Philippines
994490,299350,362610,332530,0,0.37,0.63,Adolescents,rwanda,2016,Rwanda
952870,575687,264900,112284,0,0.81,0.19,Data for development,rwanda,2016,Rwanda
19298,0,8876,10422,0,0.46,0.54,Gender equality and rights,rwanda,2016,Rwanda
2161071,1351376,569642,240054,0,0.43,0.57,Integrated sexual and reproductive health,rwanda,2016,Rwanda
41663,36384,0,5279,0,0.87,0.13,Organizational effectiveness and efficiency,rwanda,2016,Rwanda
44664,0,44664,0,0,0.93,0.07,Adolescents,sao-tome-principe,2016,Sao Tome and Principe
115290,43443,71847,0,0,1.0,0.0,Data for development,sao-tome-principe,2016,Sao Tome and Principe
48319,4137,44181,0,0,1.0,0.0,Gender equality and rights,sao-tome-principe,2016,Sao Tome and Principe
840029,527362,312667,0,0,0.32,0.68,Integrated sexual and reproductive health,sao-tome-principe,2016,Sao Tome and Principe
635276,189823,302333,143120,0,0.6,0.4,Adolescents,senegal,2016,Senegal
442904,193084,176640,53929,19251,1.0,0.0,Data for development,senegal,2016,Senegal
946347,380452,235942,329953,0,0.13,0.87,Gender equality and rights,senegal,2016,Senegal
4154576,2126379,1032795,995402,0,0.26,0.74,Integrated sexual and reproductive health,senegal,2016,Senegal
43656,28115,0,15541,0,1.0,0.0,Organizational effectiveness and efficiency,senegal,2016,Senegal
31880,31880,0,0,0,1.0,0.0,Adolescents,serbia,2016,Serbia
17847,4799,0,13048,0,1.0,0.0,Data for development,serbia,2016,Serbia
87831,23655,0,64176,0,0.79,0.21,Gender equality and rights,serbia,2016,Serbia
297781,221345,0,76435,0,0.81,0.19,Integrated sexual and reproductive health,serbia,2016,Serbia
1952796,385079,594499,973218,0,0.1,0.9,Adolescents,sierra-leone,2016,Sierra Leone
1514639,1291455,223183,0,0,0.22,0.78,Data for development,sierra-leone,2016,Sierra Leone
269628,3740,159696,106192,0,0.0,1.0,Gender equality and rights,sierra-leone,2016,Sierra Leone
9034452,6127276,2046250,860927,0,0.14,0.86,Integrated sexual and reproductive health,sierra-leone,2016,Sierra Leone
29385,28760,0,1284,0,0.0,1.0,Organizational effectiveness and efficiency,sierra-leone,2016,Sierra Leone
16109,10109,6000,0,0,0.63,0.37,Adolescents,somalia,2016,Somalia
1377372,1045311,331949,113,0,0.06,0.94,Data for development,somalia,2016,Somalia
2154581,604346,816504,733731,0,-0.0,1.0,Gender equality and rights,somalia,2016,Somalia
9820290,5419069,2968749,1432472,0,0.43,0.57,Integrated sexual and reproductive health,somalia,2016,Somalia
24942,24942,0,0,0,1.0,0.0,Organizational effectiveness and efficiency,somalia,2016,Somalia
614957,260416,0,354541,0,0.14,0.86,Adolescents,south-africa,2016,South Africa
293839,293839,0,0,0,1.0,0.0,Data for development,south-africa,2016,South Africa
105611,105611,0,0,0,1.0,0.0,Gender equality and rights,south-africa,2016,South Africa
1165417,1126654,0,38763,0,0.75,0.25,Integrated sexual and reproductive health,south-africa,2016,South Africa
288916,91167,22284,175464,0,1.0,0.0,Adolescents,south-sudan,2016,South Sudan
464882,388377,76505,0,0,0.93,0.07,Data for development,south-sudan,2016,South Sudan
1127328,500479,0,626848,0,0.75,0.25,Gender equality and rights,south-sudan,2016,South Sudan
15556210,9795229,812159,4948822,0,0.15,0.85,Integrated sexual and reproductive health,south-sudan,2016,South Sudan
37334,37334,0,0,0,1.0,0.0,Organizational effectiveness and efficiency,south-sudan,2016,South Sudan
189078,172458,16620,0,0,1.0,0.0,Adolescents,sri-lanka,2016,Sri Lanka
214094,214094,0,0,0,1.0,0.0,Data for development,sri-lanka,2016,Sri Lanka
159585,145946,13639,0,0,1.0,0.0,Gender equality and rights,sri-lanka,2016,Sri Lanka
385404,201026,74036,110342,0,0.71,0.29,Integrated sexual and reproductive health,sri-lanka,2016,Sri Lanka
4618,0,0,4618,0,0.0,1.0,Adolescents,sudan,2016,Sudan
716577,537411,110569,68596,0,1.0,0.0,Data for development,sudan,2016,Sudan
4595607,2328152,1050856,1216600,0,0.08,0.92,Gender equality and rights,sudan,2016,Sudan
8441593,3929560,1955730,2556302,0,0.26,0.74,Integrated sexual and reproductive health,sudan,2016,Sudan
3523,3523,0,0,0,1.0,0.0,Organizational effectiveness and efficiency,sudan,2016,Sudan
197811,92188,0,105624,0,0.0,1.0,Adolescents,syrian-arab-republic,2016,Syrian Arab Republic
43941,19487,24454,0,0,0.79,0.21,Data for development,syrian-arab-republic,2016,Syrian Arab Republic
2604260,972962,0,1631298,0,-0.0,1.0,Gender equality and rights,syrian-arab-republic,2016,Syrian Arab Republic
7658752,5457750,172464,2028538,0,0.13,0.87,Integrated sexual and reproductive health,syrian-arab-republic,2016,Syrian Arab Republic
1918,1918,0,0,0,1.0,0.0,Organizational effectiveness and efficiency,syrian-arab-republic,2016,Syrian Arab Republic
82656,82355,0,302,0,1.0,0.0,Adolescents,tajikistan,2016,Tajikistan
185527,103221,35412,46894,0,0.61,0.39,Data for development,tajikistan,2016,Tajikistan
95782,49845,6360,39577,0,0.76,0.24,Gender equality and rights,tajikistan,2016,Tajikistan
1268570,511967,66942,689661,0,0.38,0.62,Integrated sexual and reproductive health,tajikistan,2016,Tajikistan
203051,124450,0,78601,0,1.0,0.0,Adolescents,thailand,2016,Thailand
520067,461291,58777,0,0,1.0,0.0,Data for development,thailand,2016,Thailand
265830,250732,15097,0,0,1.0,0.0,Integrated sexual and reproductive health,thailand,2016,Thailand
188370,173010,4158,11203,0,0.83,0.17,Adolescents,timor-leste,2016,Timor-Leste
485083,424832,60251,0,0,0.91,0.09,Data for development,timor-leste,2016,Timor-Leste
82724,64078,15099,3548,0,1.0,0.0,Gender equality and rights,timor-leste,2016,Timor-Leste
1142632,1047824,62751,32057,0,0.7,0.3,Integrated sexual and reproductive health,timor-leste,2016,Timor-Leste
109126,33081,40872,35174,0,0.46,0.54,Adolescents,togo,2016,Togo
354425,125424,229001,0,0,0.79,0.21,Data for development,togo,2016,Togo
171450,15554,121041,34855,0,0.84,0.16,Gender equality and rights,togo,2016,Togo
2313318,1437606,422600,453111,0,0.38,0.62,Integrated sexual and reproductive health,togo,2016,Togo
67246,67246,0,0,0,0.54,0.46,Organizational effectiveness and efficiency,togo,2016,Togo
87544,68369,19175,0,0,1.0,0.0,Data for development,tunisia,2016,Tunisia
565696,149832,154894,260970,0,0.24,0.76,Gender equality and rights,tunisia,2016,Tunisia
107332,73349,22272,11711,0,1.0,0.0,Integrated sexual and reproductive health,tunisia,2016,Tunisia
56214,55869,345,0,0,1.0,-0.0,Organizational effectiveness and efficiency,tunisia,2016,Tunisia
116138,116138,0,0,0,0.27,0.73,Adolescents,türkiye,2016,Türkiye
208551,193551,15000,0,0,0.6,0.4,Data for development,türkiye,2016,Türkiye
2725253,1631372,210157,883724,0,0.13,0.87,Gender equality and rights,türkiye,2016,Türkiye
7182676,3269165,125400,3788111,0,0.02,0.98,Integrated sexual and reproductive health,türkiye,2016,Türkiye
107484,107484,0,0,0,0.66,0.34,Organizational effectiveness and efficiency,türkiye,2016,Türkiye
51540,40303,2747,8489,0,1.0,-0.0,Adolescents,turkmenistan,2016,Turkmenistan
170669,161997,8672,0,0,1.0,0.0,Data for development,turkmenistan,2016,Turkmenistan
31076,31076,0,0,0,1.0,0.0,Gender equality and rights,turkmenistan,2016,Turkmenistan
210193,194116,16077,0,0,1.0,0.0,Integrated sexual and reproductive health,turkmenistan,2016,Turkmenistan
2551609,187523,226982,2138077,0,0.09,0.91,Adolescents,uganda,2016,Uganda
632557,212038,421057,0,0,0.93,0.07,Data for development,uganda,2016,Uganda
2062436,333907,529962,1198567,0,0.09,0.91,Gender equality and rights,uganda,2016,Uganda
9871913,4945160,2712305,2214448,0,0.32,0.68,Integrated sexual and reproductive health,uganda,2016,Uganda
3578,0,4370,0,0,-0.26,1.26,Organizational effectiveness and efficiency,uganda,2016,Uganda
19408,19408,0,0,0,1.0,0.0,Adolescents,ukraine,2016,Ukraine
108490,108490,0,0,0,1.0,0.0,Data for development,ukraine,2016,Ukraine
1717969,748739,0,969230,0,0.09,0.91,Gender equality and rights,ukraine,2016,Ukraine
677873,585211,0,92663,0,0.35,0.65,Integrated sexual and reproductive health,ukraine,2016,Ukraine
85666,39453,16297,29916,0,0.6,0.4,Adolescents,uruguay,2016,Uruguay
521617,211790,309826,0,0,0.46,0.54,Data for development,uruguay,2016,Uruguay
586108,532041,25869,28199,0,0.46,0.54,Integrated sexual and reproductive health,uruguay,2016,Uruguay
38146,17745,0,20401,0,1.0,0.0,Organizational effectiveness and efficiency,uruguay,2016,Uruguay
106290,106290,0,0,0,1.0,0.0,Adolescents,uzbekistan,2016,Uzbekistan
171400,159892,11508,0,0,1.0,0.0,Data for development,uzbekistan,2016,Uzbekistan
159100,159100,0,0,0,0.93,0.07,Gender equality and rights,uzbekistan,2016,Uzbekistan
286495,286495,0,0,0,0.99,0.01,Integrated sexual and reproductive health,uzbekistan,2016,Uzbekistan
5000,5000,0,0,0,1.0,0.0,Organizational effectiveness and efficiency,uzbekistan,2016,Uzbekistan
268547,119088,20344,129115,0,0.51,0.49,Adolescents,venezuela,2016,Venezuela (Bolivarian Republic of)
140568,132222,8346,0,0,0.96,0.04,Data for development,venezuela,2016,Venezuela (Bolivarian Republic of)
60555,40506,13516,6533,0,1.0,0.0,Gender equality and rights,venezuela,2016,Venezuela (Bolivarian Republic of)
166369,116506,31203,18661,0,0.86,0.14,Integrated sexual and reproductive health,venezuela,2016,Venezuela (Bolivarian Republic of)
1006088,516077,127109,362902,0,0.17,0.83,Adolescents,zambia,2016,Zambia
1129568,468258,191967,469343,0,0.82,0.18,Data for development,zambia,2016,Zambia
76304,8666,0,67638,0,-0.0,1.0,Gender equality and rights,zambia,2016,Zambia
5383906,2568391,2450076,365438,0,0.22,0.78,Integrated sexual and reproductive health,zambia,2016,Zambia
33236,33293,0,0,0,1.01,-0.01,Organizational effectiveness and efficiency,zambia,2016,Zambia
1100238,370818,544139,185281,0,0.31,0.69,Adolescents,zimbabwe,2016,Zimbabwe
866113,748799,47314,70000,0,0.39,0.61,Data for development,zimbabwe,2016,Zimbabwe
924070,291103,210295,422672,0,0.21,0.79,Gender equality and rights,zimbabwe,2016,Zimbabwe
10275448,4749985,1610969,3804144,110349,0.15,0.85,Integrated sexual and reproductive health,zimbabwe,2016,Zimbabwe
93472,93472,0,0,0,1.0,0.0,Organizational effectiveness and efficiency,zimbabwe,2016,Zimbabwe
